0,1,2,3,4,5,6,7,8,9,10
1st-run-EITest-campaign-HoeflerText-popup-sends-Spora-ransomware,1st-run-fake-update-page-sends-Dridex,1st-run-pseudoDarkleech-Rig-V-sends-Cerber,2nd-run-Hookads-campaign-Fallout-EK-sends-AZORult-and-follow-up-malware,1st-run-EITest-Rig-EK-sends-Vawtrak,Boleto-Mestre-malspam-infection-traffic,1st-run-pseudoDarkleech-Rig-V-sends-Cerber-ransomware,1st-run-EITest-campaign-Rig-EK-sends-Matrix-ransomware-variant,1st-run-pseudoDarkleech-Rig-V-sends-Cerber-ransomware,1st-run-EITest-Rig-V-sends-CryptoMix,1st-run-EITest-Rig-E-sends-Gootkit
1st-run-EITest-HoeflerText-popup-sends-Spora-ransomware,1st-run-Hookads-campaign-Fallout-EK-sends-Minotaur-ransomware,1st-run-pseudoDarkleech-Rig-V-sends-Cerber-ransomware,Angler-EK-traffic-only,1st-run-Grandsoft-EK-and-post-infection-traffic,DHL-themed-malspam-infection-traffic,1st-run-pseudoDarkleech-Rig-V-sends-Cerber-ransomware,1st-run-EITest-Rig-V-sends-CryptoMix-ransomware,1st-run-Ursnif-with-Predator-The-Thief-and-spambot-infection-traffic,1st-run-Gootkit-post-infection-traffic,1st-run-EITest-Rig-E-traffic
1st-run-EITest-Rig-EK-sends-CryptFile2,8th-run-EITest-Rig-E-sends-Qadars,2nd-run-pseudoDarkleech-Rig-V-sends-Cerber,fake-Spotify-login-page-traffic,2nd-run-HookAds-Rig-EK-sends-Drembot-with-post-infection-traffic,Emotet-infection-traffic-with-Trickbot,2nd-run-pseudoDarkleech-RIGv-sends-Cerber,1st-run-Seamless-Rig-EK-sends-Ramnit,2nd-run-pseudoDarkleech-Rig-V-sends-Cerber-ransomware,1st-run-HookAds-Rig-EK,1st-run-EITest-Rig-E-traffic
1st-run-EITest-Rig-E-sends-Gootkit,Afraidgate-Rig-EK,2nd-run-pseudoDarkleech-Rig-V-sends-Cerber-ransomware,GrandSoft-EK-1st-run-traffic,2nd-run-Sundown-EK-sends-Terdot.A-Zloader,Emotet-infection-with-IcedID-banking-Trojan-and-AZORult,2nd-run-pseudoDarkleech-Rig-V-sends-Cerber,2nd-run-EITest-campaign-Rig-EK-sends-Matrix-ransomware-variant,3rd-run-pseudoDarkleech-Rig-V-sends-Cerber-ransomware,2nd-run-EITest-campaign-HoeflerText-popup-sends-Spora-ransomware,1st-run-Word-doc-causes-Ursnif-infection-with-Trickbot
1st-run-EITest-Rig-E-traffic,Afraidgate-Rig-V-2nd-run-sends-DDoS-botnet-malware,2nd-run-pseudoDarkleech-Rig-V-sends-Cerber-ransomware,Hancitor-malspam-infection-traffic,3rd-run-EITest-Rig-EK-sends-Quant-Loader,Emotet-malspam-infection-traffic,3rd-run-pseudoDarkleech-RIGv-sends-Cerber,2nd-run-EITest-Rig-EK,4th-run-Seamless-Rig-EK-sends-Ramnit-with-post-infection-traffic,2nd-run-EITest-Rig-E-sends-Chthonic-banking-trojan,2nd-run-HookAds-Rig-EK
1st-run-HookAds-Rig-EK-sends-Dreambot,Angler-EK-and-CryptoWall-3.0,3rd-run-pseudoDarkleech-Rig-V-sends-Cerber,Necurs-Botnet-malspam-infection-traffic,3rd-run-Hookads-campaign-Fallout-EK-sends-AZORult-and-follow-up-malware,Emotet-malspam-infection-traffic,3rd-run-pseudoDarkleech-Rig-V-sends-Cerber-ransomware,2nd-run-EITest-Rig-standard-sends-CryptFile2-ransomware,Adwind-infection-traffic,2nd-run-EITest-Rig-V-sends-CryptoMix,2nd-run-Word-doc-causes-Vidar-infection
1st-run-HookAds-Rig-EK-sends-Dreambot,Angler-EK-and-ransomware-traffic,3rd-run-pseudoDarkleech-Rig-V-sends-Cerber,Rig-EK-traffic,Afraidgate-Neutrino-EK-sends-Locky,GandCrab-malspam-traffic,3rd-run-pseudoDarkleech-Rig-V-sends-Cerber-ransomware,2nd-run-EITest-Rig-standard-sends-CryptFile2-ransomware,Angler-EK-malware-payload-sandbox-analysis-winxp,2nd-run-fake-update-page-sends-NetSupport-RAT,3rd-and-4th-run-HookAds-Rig-EK
1st-run-HookAds-Rig-EK-sends-Dreambot,Angler-EK-sends-CryptoWall-3.0,3rd-run-pseudoDarkleech-Rig-V-sends-Cerber-ransomware,traffic-from-infected-windows-host,Angler-and-Magnitude-EK-traffic,GrandSoft-EK-2nd-run-traffic,5th-run-pseudoDarkleech-RIGv-sends-Cerber,2nd-run-HookAds-Rig-EK-sends-Dreambot-with-post-infection-traffic,Angler-EK-traffic,2nd-run-Grandsoft-EK-and-post-infection-traffic,3rd-run-EITest-Rig-E-sends-Chthonic
1st-run-HookAds-Rig-EK-sends-Dreambot-and-Chthonic,Angler-EK-sends-CryptoWall-3.0-example-1-of-2,4th-run-pseudoDarkleech-Rig-V-sends-Cerber,Trickbot-infection-traffic,Angler-EK-delivers-CryptoWall-traffic,GrandSoft-EK-3rd-run-traffic,6th-run-pseudoDarkleech-Rig-V-sends-Cerber-ransomware,3rd-run-EITest-campaign-Rig-EK-sends-Matrix-ransomware-variant,Angler-EK-traffic,2nd-run-HookAds-Rig-EK-sends-Dreambot,3rd-run-EITest-Rig-E-traffic
1st-run-NemucodAES-malspam-traffic,Angler-EK-sends-CryptoWall-3.0-example-1-of-3,4th-run-pseudoDarkleech-Rig-V-sends-Cerber-ransomware,Trickbot-malspam-infection-traffic,Angler-EK-delivers-ransomware,GrandSoft-EK-4th-run-traffic,7th-run-EITest-Rig-E-sends-Cerber-ransomware,3rd-run-EITest-Rig-E-sends-Quant-Loader,Angler-EK-traffic-01,2nd-run-HookAds-Rig-EK-sends-Dreambot,3rd-run-EITest-Rig-E-traffic
1st-run-Sundown-EK-sends-Chthonic,Angler-EK-sends-CryptoWall-3.0-traffic,blank-slate-malspam-sends-Cerber-ransomware,Trickbot-malspam-infection-traffic,Angler-EK-malware-payload-sandbox-analysis,Hancitor-malspam-1st-run,Amadey-infection-with-Pony-and-Ursnif-and-Cobalt-Strike,3rd-run-fake-update-page-sends-NetSupport-RAT,BizCN-gate-actor-Neutrino-EK-traffic,2nd-run-NemucodAES-malspam-traffic,3rd-run-Sundown-EK-sends-Terdot.A-Zloader
2nd-run-EITest-HoeflerText-popup-sends-Spora-ransomware,Angler-EK-sends-CryptoWall-3.0-traffic,Boleto-malspam-link-from-PDF-attachment,Trickbot-malspam-infection-traffic,Angler-EK-sends-Bedep,Hancitor-malspam-traffic,Angler-EK-malware-payload-sandbox-analysis,4th-run-EITest-Rig-EK-sends-Terdot-or-Zloader,BizCN-gate-actor-Nuclear-EK-sends-CryptoWall-4.0-traffic,2nd-run-Seamless-Rig-EK-sends-Ramnit,4th-run-EITest-Rig-E-traffic
2nd-run-EITest-Rig-E-sends-Smoke-Loader,Angler-EK-sends-CryptoWall-3.0-traffic,Cerber-from-badwerkad.top,Trickbot-malspam-infection-traffic,Angler-EK-sends-CryptoWall-3.0,Hancitor-malspam-traffic,Angler-EK-malware-payload-sandbox-analysis-win7,4th-run-EITest-Rig-standard-sends-CryptFile2-ransomware,BizCN-gate-actor-Nuclear-EK-traffic,2nd-run-Ursnif-with-Predator-The-Thief-and-Trickbot-infection-traffic,4th-run-Sundown-EK-sends-Terdot.A-Zloader
2nd-run-EITest-Rig-E-sends-Terdot.A-or-Zloader,Angler-EK-sends-CryptoWall-3.0-traffic,Cerber-from-batypli3werty.top-1-of-2,Ursnif-malspam-infection-traffic,Angler-EK-sends-CryptoWall-3.0,Hancitor-malspam-traffic,Angler-EK-malware-payload-sandbox-traffic,5th-run-EITest-Sudnown-EK,Cerber-from-wowaskopoq.top-1-of-2,3rd-run-EITest-Rig-EK-sends-CryptFile2,Android-malware-traffic
2nd-run-EITest-Rig-standard-sends-CryptFile2-ransomware,Angler-EK-sends-CryptoWall-3.0-traffic,Cerber-from-fkauueeepla.top-full-infection-traffic,,Angler-EK-sends-CryptoWall-3.0-example-1-of-2,Hancitor-malspam-traffic,Angler-EK-malware-payload-sandbox-traffic,Afraidgate-Neutrino-EK-sends-Locky,Cerber-Kovter-malspam-traffic,3rd-run-Hookads-Rig-EK-sends-Dreambot,Angler-EK-sends-TeslaCrypt-2.0-traffic
3rd-run-EITest-campaign-HoeflerText-popup-sends-Spora-ransomware,Angler-EK-sends-TeslaCrypt-2.0-traffic,Cerber-from-fordfocuscommunoityesz.top,,Angler-EK-sends-CryptoWall-3.0-first-run,Rig-EK-sends-GandCrab-ransomware,Angler-EK-malware-sandbox-analysis,Afraidgate-Neutrino-EK-sends-Locky-ransomware,Cerber-Kovter-malspam-traffic,4th-run-Afraidgate-Rig-V-causes-Locky-infection,Angler-EK-sends-TeslaCrypt-traffic
3rd-run-EITest-HoeflerText-popup-sends-Spora-ransomware,Angler-EK-traffic,Cerber-from-gangvooloq.top,,Angler-EK-sends-CryptoWall-3.0-traffic,Rig-EK-traffic-1st-run,Asprox-malware-sandbox-analysis,Afraidgate-Rig-EK-sends-Locky,Cerber-malspam-traffic-examples,4th-run-EITest-Rig-EK-sends-Gootkit,Angler-EK-traffic
3rd-run-EITest-Rig-V-sends-CryptoMix,Angler-EK-traffic,Cerber-from-johnalmcx.top-1-of-2,,Angler-EK-sends-CryptoWall-3.0-traffic,Trickbot-infection-traffic,Asprox-malware-sandbox-analysis-01,Afraidgate-Rig-EK-sends-Locky-ransomware,Cerber-ransomware-from-sunfloridjk.top-thru-fake-Chrome-page,5th-run-EITest-Rig-E-sends-Smoke-Loader,Angler-EK-traffic
3rd-run-HookAds-Rig-EK-sends-Dreambot,Angler-EK-traffic,Cerber-from-kingzoned.top,,Angler-EK-sends-CryptoWall-3.0-traffic,Trickbot-infects-client-then-moves-to-DC,Asprox-malware-sandbox-analysis-02,Afraidgate-Rig-EK-sends-Locky-ransomware,CryptoWall-3.0-traffic,5th-run-Seamless-Rig-EK-sends-Ramnit-with-post-infection-traffic,Angler-EK-traffic
3rd-run-HookAds-Rig-EK-sends-Dreambot,Angler-EK-traffic-02,Cerber-from-malspam-traffic,,Angler-EK-sends-CrytoWall-3.0-traffic,Trickbot-malspam-traffic,Blank-Slate-campaign-pushes-Sage-2.2-ransomware,Afraidgate-Rig-EK-sends-Locky-ransomware,DHL-malspam-traffic,6th-run-EITest-Rig-EK-sends-Gootkit,Blank-Slate-malspam-traffic
4th-run-Hookads-Rig-EK-sends-Dreambot,Angler-EK-with-post-infection-traffic,Cerber-from-malspam-traffic,,Angler-EK-traffic,Trickbot-malspam-traffic,Cerber-from-4rebaopfgrewe.top,Afraidgate-Rig-EK-sends-Locky-ransomware,download,Afraidgate-Neutrino-EK-sends-Locky-first-run,Boleto-malspam-traffic
4th-run-HookAds-Rig-EK-sends-Dreambot,BizCN-gate-actor-Neutrino-EK-sends-CryptoWall-3.0,Cerber-from-oudiautimativc.top,,Angler-EK-traffic-2-of-2-CryptoWall-3.0,Trickbot-spreads-from-client-to-DC,Cerber-from-batypli3werty.top-2-of-2,Afraidgate-Rig-V-1st-run-sends-Godzilla-Loader,Dridex-infection-traffic,Afraidgate-Neutrino-EK-sends-Locky-first-run,Brazil-Detran-malspam-traffic
5th-run-Hookads-Rig-EK-sends-Dreambot,BizCN-gate-actor-Nuclear-EK-sends-CryptoWall-4.0-traffic,Cerber-from-seahomevb.top,,Angler-EK-traffic-example-1,UPS-themed-Kovter-malspam-traffic,Cerber-from-douruinityduade.pw,Afraidgate-RIGv-sends-Locky,Dridex-malspam-infection-traffic-2-of-2,Afraidgate-Neutrino-EK-sends-Locky-first-run,Brazil-malspam-pushes-Banload
5th-run-HookAds-Rig-EK-sends-Dreambot,BizCN-gate-actor-Nuclear-EK-traffic,Cerber-from-uityeerastyremei.pw,,Angler-EK-traffic-example-2,,Cerber-from-douruinityduade.xyz,Angler-and-Magnitude-EK-traffic,eFax-malspam-traffic,Afraidgate-Neutrino-EK-sends-Locky-ransomware,Brazil-malspam-traffic
6th-run-HookAds-Rig-EK-sends-Dreambot,BizCN-gate-actor-Nuclear-EK-traffic,Cerber-from-unityqueryzouneasty.pw,,Angler-EK-uses-java-exploit,,Cerber-from-gangvooloq.top,Angler-EK,EITest-Rig-EK,Afraidgate-Neutrino-EK-sends-Locky-ransomware-example-2-of-4,Cerber-from-37kddsserrt.xyz
6th-run-Seamless-Rig-EK-sends-Ramnit,Blackhole-EK-traffic,Cerber-malspam-traffic,,Asprox-botnet-phishing-malware-executed-in-a-VM,,Cerber-from-johnalmcx.top-2-of-2,Angler-EK-and-Alpha-Crypt-traffic,EITest-Sundown-EK-1st-run-sends-Cerber-ransomware,Afraidgate-Neutrino-EK-sends-Locky-second-run,Cerber-from-citointechnologiesalefor.top
Afraidgate-Neutrino-EK-sends-CryptXXX,Boleto-malspam-link-from-email-full-infection,Cerber-malspam-traffic-example,,BizCN-gate-actor-Nuclear-EK-example-2-of-2,,Cerber-from-momendfakol.top,Angler-EK-and-CryptoWall-3.0-traffic,Emotet-traffic-with-no-follow-up-malware,Afraidgate-Neutrino-EK-sends-Locky-second-run,Cerber-from-fffgooaldq.top
Afraidgate-Neutrino-EK-sends-Locky,Boleto-malspam-traffic,Cerber-malspam-traffic-example,,BizCN-gate-actor-Nuclear-EK-traffic,,Cerber-from-voperforseanx.top-using-chrome_update,Angler-EK-and-CryptoWall-3.0-traffic,Emotet-with-spammer-malware,Afraidgate-Rig-EK,Cerber-from-fkauueeepla.top
Afraidgate-Neutrino-EK-sends-Locky-ransomware-example-1-of-4,Cerber-from-castrokolaz.top,CryptoWall-traffic,,BizCN-gate-actor-Nuclear-EK-traffic,,Cerber-from-weekdkla.top,Angler-EK-failed-VM-infection-attempt-2-of-3,example-of-Gootkit-post-infection-traffic,Afraidgate-Rig-V-sends-Godzillar-Loader-Locky-and-something-else,Cerber-from-googlefoad.top
Afraidgate-Neutrino-EK-sends-Locky-ransomware-example-3-of-4,CryptoWall-phishing-malware-run-on-a-VM,EITest-Rig-EK-2nd-run,,Blackhole-EK-traffic,,Cerber-from-wscfgfr23azfg.top,Angler-EK-failed-VM-infection-attempt-3-of-3,fake-update-page-sends-Chthonic,Afraidgate-Rig-V-sends-Locky-ransomware,Cerber-from-jhdgh.download
Afraidgate-Neutrino-EK-sends-Locky-ransomware-example-4-of-4,Dridex-malspam-infection-traffic,EITest-Rig-EK-7th-run,,boleto-malspam-infection-traffic,,CryptoWall-3.0-infection-traffic,Angler-EK-sends-Bedep,Fedex-malspam-sends-Kovter,Afraidgate-Rig-V-sends-Locky-ransomware,Cerber-from-kingzoned.top
Afraidgate-Neutrino-EK-sends-Locky-second-run,Dridex-malspam-infection-traffic-1-of-2,EITest-Rig-EK-first-run-sends-Cerber-ransomware,,boleto-malspam-infection-traffic,,element1208_spm2.exe-sandbox-analysis,Angler-EK-sends-bedep-traffic,Fiesta-EK-malware-payload-2-of-2-sandbox-traffic,Afraidgate-Rig-V-sends-Locky-ransomware,Cerber-from-newsectorbs.top
Afraidgate-Rig-V-sends-Locky-ransomware,Dridex-malspam-traffic,EITest-Rig-EK-sends-Cerber-after-agers.es,,boleto-malspam-infection-traffic,,fake-USPS-notification-sandbox-analysis,Angler-EK-sends-CryptoWall-3.0,Fiesta-EK-traffic,Angler-EK-and-ransomware-traffic,Cerber-from-polkiuj.bid
Afraidgate-Rig-V-sends-Locky-ransomware,Dridex-malspam-traffic,EITest-Rig-EK-sends-Cerber-after-intothebluefishing.com,,boleto-malspam-infection-traffic,,fake-USPS-notification-sandbox-analysis,Angler-EK-sends-CryptoWall-3.0-example-3-of-3,FlashPack-EK-traffic,Angler-EK-delivers-alpha-crypt,Cerber-from-ponmaredimare.top
Afraidgate-Rig-V-sends-Locky-ransomware,Dridex-malspam-traffic,EITest-Rig-EK-sends-Cerber-ransomware,,Boleto-malspam-traffic,,FedEx-malspam-traffic,Angler-EK-sends-CryptoWall-3.0-traffic,FlashPack-EK-traffic,Angler-EK-failed-VM-infection-attempt-1-of-3,Cerber-from-resettinfgd1991.trade
Angler-EK-traffic,EITest-Rig-EK,Emotet-infection-with-Gootkit,,booking-malspam-Dridex-traffic,,Fiesta-EK-malware-payload-1-of-2-sandbox-traffic,Angler-EK-sends-CryptoWall-3.0-traffic,FlashPack-EK-traffic,Angler-EK-sends-Alpha-Crypt,Cerber-from-toytyaclucomunit.top
Angler-EK-traffic,EITest-Rig-EK-5th-run,Emotet-infection-with-Gootkit,,Brazilian-malspam-traffic,,Fiesta-EK-malware-payload-sandbox-analysis,Angler-EK-sends-CryptoWall-traffic,FlashPack-EK-traffic,Angler-EK-sends-Bedep-traffic,Cerber-from-ubisortdasert.top
Angler-EK-traffic,EITest-Rig-EK-sends-CryptFile2-ransomware,Emotet-malspam-infection-traffic,,Cerber-from-37kddsserrt.xyz,,FlashPack-EK-malware-payload-malwr.com-analysis,Angler-EK-sends-TeslaCrypt-traffic,GandCrab-ransomware-infection,Angler-EK-sends-CryptoWall-3.0-example-2-of-2,Cerber-from-weekendlk.top
Angler-EK-traffic,EITest-Rig-EK-sends-Vawtrak-after-imr-racing.com,Emotet-malspam-traffic,,Cool-EK-traffic,,Glupteba-analysis-from-malwr.com,Angler-EK-traffic,Hancitor-infection-traffic,Angler-EK-sends-CryptoWall-3.0-example-2-of-2,EITest-campaign-fake-av-traffic
Angler-EK-traffic,EITest-Rig-V-sends-Cerber-ransomware,Fiesta-EK-malware-payload-analysis-from-malwr.com,,DHL-malspam-traffic,,Glupteba-run-on-a-VM,Angler-EK-traffic,Hancitor-infection-traffic,Angler-EK-sends-CryptoWall-3.0-example-2-of-3,EITest-first-run-RIGe-causes-Vawtrak-infection
Angler-EK-traffic,EITest-Sundown-EK-2nd-run-sends-Cerber-ransomware,Fiesta-EK-malware-payload-sandbox-traffic,,Dridex-confirmation-letter-Dridex-traffic,,Gondad-EK-malware-analysis,Angler-EK-traffic,Hancitor-infection-with-Cobalt-Strike,Angler-EK-sends-CryptoWall-3.0-second-run,EITest-HoeflerText-popup-and-NetSupport-Manager-RAT-infection
Angler-EK-traffic,Emotet-and-Zeus-Panda-Banker-traffic,FlashPack-EK-traffic-first-run,,Dyre-phishing-run-traffic,,Hancitor-infection-with-Ursnif,Angler-EK-traffic,Hancitor-malspam-infection-traffic,Angler-EK-sends-CryptoWall-traffic,EITest-HoelflerText-popup-sends-NetSupport-Manager-RAT
Angler-EK-traffic,Emotet-epoch-1-infection-with-Trickbot-gtag-mor41,Flawed-Ammyy-traffic,,EITest-fake-AV-tech-support-scam-traffic,,Hancitor-style-Amadey-with-Pony-and-Cobalt-Strike,Angler-EK-traffic,Hancitor-malspam-infection-traffic,Angler-EK-sends-TeslaCrypt-2.0-traffic,EITest-Neutrino-EK-after-scarsboroughcricket.ca
Angler-EK-traffic-01,Emotet-epoch-2-infection-with-Trickbot-gtag-mor40,Hancitor-infection-traffic,,EITest-HoeflerText-Chrome-popup-traffic-1st-run,,hybrid-analysis.com-analysis-of-Angler-EK-payload,Angler-EK-traffic,Hancitor-malspam-infection-traffic,Angler-EK-sends-Vawtrak,EITest-Rig-EK-second-run
BizCN-gate-actor-Nuclear-EK-example-1-of-4,Emotet-epoch-3-infected-Windows-client-as-spambot,Hancitor-infection-traffic,,EITest-HoflerText-popup-sends-Mole-ransomware-2nd-run,,ISRstealer-malspam-infection-traffic,Angler-EK-traffic,Hancitor-malspam-infection-traffic,Angler-EK-traffic,EITest-Rig-EK-traffic
BizCN-gate-actor-Nuclear-EK-example-3-of-4,Emotet-epoch-3-with-Trickbot-gtag-mor60-infection-traffic,Hancitor-infection-with-Ursnif,,EITest-Rig-EK,,Japanese-Ursnif-malspam-traffic-part-1,Angler-EK-traffic,Hancitor-malspam-infection-traffic,Angler-EK-traffic,EITest-Rig-E-sends-Gootkit
BizCN-gate-actor-Nuclear-EK-example-4-of-4,Emotet-infection-traffic-with-IcedID-banking-malware,Hancitor-malspam-2nd-run,,EITest-Rig-EK,,Japanese-Ursnif-malspam-traffic-part-2,Angler-EK-traffic,Hancitor-malspam-infection-traffic,Angler-EK-traffic,EITest-Rig-E-traffic
BizCN-gate-actor-Nuclear-EK-traffic,Emotet-infection-traffic-with-Zeus-Panda-Banker,Hancitor-malspam-infection-traffic,,EITest-Rig-EK-4th-run,,Lokibot-infection-traffic,Angler-EK-traffic,Hancitor-malspam-infection-traffic,Angler-EK-traffic,EITest-script-leads-to-fake-AV-page-for-tech-support-scam
BizCN-gate-actor-Nuclear-EK-traffic-example-1-of-2,Emotet-infection-with-Gootkit,Hancitor-malspam-traffic,,EITest-Rig-EK-first-run,,Lokibot-infection-traffic,Angler-EK-traffic,Hancitor-malspam-infection-traffic,Angler-EK-traffic,Emotet-epoch-3-infection-with-Trickbot-gtag-mor51
Blank-Slate-uses-Word-doc-for-CVE-2017-0199,Emotet-infection-with-IcedID,Hancitor-malspam-traffic,,EITest-Rig-EK-first-run,,Loki-Bot-malspam-traffic,Angler-EK-traffic,Hancitor-malspam-infection-traffic,Angler-EK-traffic,Emotet-infection-with-IcedID
Boleto-malspam-traffic,Emotet-infection-with-IcedID-in-AD-environment,KaiXin-EK-malwr.com-analysis-of-payload,,EITest-Rig-EK-second-example,,Loki-Bot-malspam-traffic,Angler-EK-traffic,Hancitor-malspam-traffic,Angler-EK-traffic,Emotet-infection-with-Trickbot
Brazil-malspam-pushes-Banload,Emotet-infection-with-Trickbot,Kovter-Locky-malspam-traffic,,EITest-Rig-EK-second-example,,Loki-Bot-traffic,Angler-EK-traffic-04,Hancitor-malspam-traffic,Angler-EK-traffic,Emotet-infection-with-Trickbot
Brazil-malspam-traffic,Emotet-infection-with-Zeus-Panda-Banker,Magnitude-EK-malware-payload-sandbox-analysis-4-of-4,,EITest-Rig-EK-second-run-sends-Ursnif,,Magnitude-EK-malware-payload-sandbox-analysis-3-of-4,Angler-EK-traffic-1-of-2-bedep,Hancitor-malspam-traffic,Angler-EK-traffic,Emotet-infection-with-Trickbot
Cerber-from-bkasioqpz.top,Emotet-malspam-infection-traffic,Magnitude-EK-sends-Cerber-from-Threatglass-post,,EITest-Rig-EK-sends-CryptFile2-after-beyondproxy.com,,Magnitude-EK-sends-Cerber,Angler-EK-uses-flash-exploit,Hancitor-malspam-traffic,Angler-EK-traffic,Emotet-infection-with-Trickbot-in-AD-environment
Cerber-from-fake-chrome-page,Emotet-malspam-infection-traffic-2-of-2-in-AD-environment,Magnitude-EK-sends-Cerber-ransomware-1st-run,,EITest-Rig-EK-sends-CryptFile2-after-germansuppliesinc.com,,malware-payload-analysis,Angler-EK-uses-silverlight-exploit,Hancitor-malspam-traffic-with-Zeus-Panda-Banker,Angler-EK-traffic,Emotet-malspam-infection-traffic
Cerber-from-ffjoleedas.top,fake-AV-page-after-viewing-mitchandgina.com,Magnitude-EK-sends-Cerber-ransomware-1st-run,,EITest-Rig-EK-sends-CryptFile2-after-orfab.com,,malware-payload-analysis,Asprox-malware-download,Hancitor-Pony-malspam-traffic,Angler-EK-traffic,Emotet-malspam-infection-traffic-1-of-2-home-user
Cerber-from-gerbnopesa.top,fake-AV-page-after-viewing-prelatureofayaviri.org,Magnitude-EK-sends-Cerber-ransomware-2nd-run,,EITest-Rig-EK-sends-possible-Vawtrak-after-agreen.com.tr,,malwr.com-analysis-of-Alpha-Crypt-sample,Asprox-malware-run-on-a-VM,Infinity-EK-traffic,Angler-EK-traffic,Emotet-malspam-infection-with-Zeus-Panda-Banker
Cerber-from-horsezangd.top,fake-AV-screen-locker,Magnitude-EK-sends-Cerber-ransomware-2nd-run,,EITest-Rig-EK-sends-Vawtrak,,malwr.com-analysis-of-Angler-EK-payload,bartalex-word-macro-sends-pony-and-vawtrak,Locky-malspam-traffic,Angler-EK-traffic,fake-av-traffic
Cerber-from-jhdgh.club,Fiesta-EK-malware-payload-sandbox-analysis,Magnitude-EK-sends-Cerber-ransomware-3rd-run,,EITest-Rig-EK-sends-Vawtrak,,malwr.com-analysis-of-image002D.exe,BizCN-gate-actor-Nuclear-EK-example-1-of-2,Magnitude-EK-malware-payload-sandbox-analysis-1-of-4,Angler-EK-traffic,Fiesta-EK-traffic
Cerber-from-jhdgh.online,Fiesta-EK-malware-payload-sandbox-analysis,Magnitude-EK-sends-Cerber-ransomware-3rd-run,,EITest-Rig-EK-third-run-sends-Neutrino-malware,,malwr.com-analysis-of-payload,BizCN-gate-actor-Nuclear-EK-traffic,Magnitude-EK-sends-Cerber,Angler-EK-traffic,Fiesta-EK-traffic
Cerber-from-jhdgh.site,FlashPack-EK-traffic,malspam-traffic,,EITest-Rig-EK-traffic,,malwr.com-analysis-of-payload,BizCN-gate-actor-Nuclear-EK-traffic-example-1-of-2,Magnitude-EK-sends-Cerber,Angler-EK-traffic,Fiesta-EK-traffic
Cerber-from-jhdgh.trade,FlashPack-EK-traffic-second-run,Mangitude-EK-payload-1-of-6-malwr.com-analysis,,EITest-Rig-EK-traffic,,Mangitude-EK-payload-4-of-6-malwr.com-analysis,BizCN-gate-actor-Nuclear-EK-traffic-example-2-of-2,malspam-infection-traffic,Angler-EK-traffic-02,Fiesta-EK-traffic
Cerber-from-nowsunnygk.top,Goon-EK-exploit-example-hour-after,MyDoom-infection-traffic,,EITest-Rig-V-sends-Cerber-ransomware,,Neutrino-EK-malware-payload-malwr.com-analysis,Blackhole-EK-traffic,malspam-pushing-Quant-Loader-1st-run,Angler-EK-traffic-03,Fiesta-EK-traffic
Cerber-from-opennewsnz.top,Hancitor-infection-traffic,Nanocore-RAT-infection-traffic,,EITest-tech-support-scam-traffic,,Nuclear-EK-payload-traffic-from-malwr-analysis,boleto-malspam-infection-traffic,malspam-traffic,Angler-EK-traffic-example-1-of-2,Fiesta-EK-traffic-01
Cerber-from-opennewsnz.top-as-fake-Chrome-update,Hancitor-infection-traffic,Nuclear-EK-traffic,,Emotet-epoch-1-infection-with-Trickbot-gtag-mor43,,payment_55259.scr-sandbox-analysis,boleto-malspam-infection-traffic,Necurs-Botnet-infection-traffic,Angler-EK-traffic-example-2-of-2,Fiesta-EK-traffic-02
Cerber-from-resettinfgd1991.gdn,Hancitor-infection-with-Ursnif,Nuclear-EK-traffic,,Emotet-epoch-2-with-Trickbot-gtag-mor50,,PCRat-gh0st-traffic,boleto-malspam-traffic,Necurs-Botnet-malspam-partial-infection-traffic,Angler-EK-uses-flash-exploit,first-run-EITest-Rig-EK-sends-Terdot-Zloader
Cerber-from-wowaskopoq.top-2-of-2,Hancitor-infection-with-Zeus-Panda-Banker,phishing-malware-run-on-VM,,Emotet-infection-with-IcedID,,phishing-email-follow-up-malware-sandbox-analysis,Cerber-from-37kddsserrt.pw,Neutrino-EK-sends-CryptWall-3.0-traffic,Angler-EK-uses-java-exploit,Fobos-campaign-Rig-EK-sends-Bunitu
EITest-campaign-fake-AV-page-for-tech-support-scam,Hancitor-infection-with-Zeus-Panda-Banker,post-infection-traffic-from-EITest-Rig-EK-payload,,Emotet-infection-with-Trickbot-gtag-mor27-and-spambot-activity,,phishing-malware-02-traffic,Cerber-from-chromehakc.top,Neutrino-traffic,Angler-EK-uses-silverlight-exploit,Grandsoft-EK-sends-QuantLoader-which-retrieves-Ursnif
EITest-campaign-HoeflerText-popup-sends-NetSupport-Manager-RAT,Hancitor-infection-with-Zeus-Panda-Banker,pseudoDarkleech-Rig-EK-first-run,,Emotet-infection-with-Trickbot-gtag-mor31,,phishing-malware-executed-on-a-VM,Cerber-from-hoopcinezc.top,Nuclear-EK-traffic,Asprox-email-link-malware-download,Hancitor-malspam-infection-traffic
EITest-campaign-HoeflerText-popup-traffic,Hancitor-malspam-infection-traffic,pseudoDarkleech-Rig-EK-second-run,,Emotet-malspam-infection-traffic,,phishing-malware-malwr-analysis,Cerber-from-truemityunituistep.top,Nuclear-EK-traffic,Asprox-malware-sandbox-analysis,Hancitor-malspam-traffic
EITest-fake-AV-page-for-tech-support-scam,Hancitor-malspam-infection-traffic,pseudoDarkleech-Rig-EK-sends-Cerber-1st-run,,Emotet-malspam-infection-traffic,,phishing-malware-sandbox-analysis,Cerber-from-truemityunituistep.top,Nuclear-EK-traffic,Asprox-phishing-malware-live-analysis,Hancitor-malspam-traffic
EITest-fake-Chrome-popup-leads-to-Spora-ransomware,Hancitor-malspam-infection-traffic,pseudoDarkleech-Rig-EK-sends-Cerber-1st-run,,Emotet-malspam-infection-traffic,,phishing-malware-sandbox-analysis,Chanitor-Vawtrak-malspam-traffic,Null-Hole-EK-failed-attempts,BizCN-gate-actor-Nuclear-EK-example-2-of-4,Hancitor-malspam-traffic
EITest-fake-Chrome-popup-leads-to-Spora-ransomware,Hancitor-malspam-infection-traffic,pseudoDarkleech-Rig-EK-sends-Cerber-2nd-run,,Emotet-with-no-follow-up-malware,,phishing-malware-traffic-01,cred-stealer-via-FTP-traffic,phishing-malware-download,BizCN-gate-actor-Nuclear-EK-traffic,Hancitor-malspam-traffic
EITest-fake-Chrome-popup-sends-Spora-ransomware-2nd-run,Hancitor-malspam-infection-traffic,pseudoDarkleech-Rig-EK-sends-Cerber-3rd-run,,fake-AV-page-after-viewing-mrs-inkjet.com,,phishing-malware-traffic-02,DHL-malspam-traffic,phishing-malware-run-in-VM,BizCN-gate-actor-Nuclear-EK-traffic-example-2-of-2,HookAds-Rig-EK-sends-Dreambot
EITest-HoeflerText-Chrome-popup-traffic-1st-run,Hancitor-malspam-infection-traffic,pseudoDarkleech-Rig-EK-sends-Cerber-4th-run,,fake-AV-site-after-viewing-galina-eg.com,,phishing-malware-traffic-from-infected-VM,download,phishing-malware-sandbox-analysis,Blackhole-EK-traffic,infection-traffic-from-malspam-pushing-Vidar
EITest-HoeflerText-Chrome-popup-traffic-3rd-run,Hancitor-malspam-infection-traffic,pseudoDarkleech-Rig-EK-sends-Cerber-ransomware,,fake-Flash-installer-sandbox-analysis,,post-infection-traffic-from-first-Rig-EK-payload,download,phishing-malware-sandbox-analysis,Blackhole-EK-traffic,Jaff-ransomware-malspam-traffic
EITest-HoeflerText-Chrome-popup-traffic-4th-run,Hancitor-malspam-infection-traffic,pseudoDarkleech-Rig-EK-sends-Cerber-ransomware,,fake-Flash-updater-sandbox-analysis,,pseudoDarkleech-Rig-EK-sends-Cerber-ransomware,Dridex-malspam-traffic,phishing-malware-sandbox-traffic,Blank-Slate-campaign-gets-Locky-from-playvilla.men,KaiXin-EK-2nd-run
EITest-HoeflerText-popup-from-backupcare.org,Hancitor-malspam-infection-traffic,pseudoDarkleech-Rig-EK-sends-Cerber-ransomware,,fake-updates-campaign-sends-Chthonic,,pseudoDarkleech-RIGv-delivers-Cerber-ransomware,EITest-HoeflerText-Chrome-popup-after-techydiary.com,phishing-malware-traffic,Boleto-malspam-infection-from-PDF-attachment,KaiXin-EK-traffic
EITest-HoeflerText-popup-from-canadoodles.com,Hancitor-malspam-infection-traffic,pseudoDarkleech-Rig-EK-sends-Cerber-ransomware,,Fiesta-EK-infection-traffic,,pseudoDarkleech-RIGv-sends-cerber-first-run,EITest-HoeflerText-Chrome-popup-sends-Spora-ransomware-4th-run,pseudoDarkleech-Rig-EK-sends-Cerber-2nd-run,boleto-malspam-infection-traffic,Lokibot-infection-malicious-traffic-only
EITest-HoeflerText-popup-from-one-hour.fr,Hancitor-malspam-infection-traffic,pseudoDarkleech-Rig-EK-sends-Cerber-ransomware,,Fiesta-EK-post-infection-and-click-fraud-traffic,,pseudoDarkleech-RIGv-sends-Cerber-ransomware,EITest-HoeflerText-Chrome-popup-traffic-2nd-run,pseudoDarkleech-Rig-EK-sends-Cerber-ransomware,boleto-malspam-traffic-from-malware,Lord-EK-sends-Eris-Ransomware
EITest-HoeflerText-popup-sends-NetSupport-Manager-RAT,Hancitor-malspam-traffic,pseudoDarkleech-Rig-EK-sends-Cerber-ransomware,,FlashPack-EK-traffic,,pseudoDarkleech-RIGv-sends-Cerber-ransomware,EITest-HoeflerText-Chrome-popup-traffic-4-of-6,pseudoDarkleech-Rig-V-sends-Cerber-ransomware,bonus-run-EITest-Rig-E-traffic,Magnitude-EK-initial-infection
EITest-HoeflerText-popup-sends-Spora-ransomware,Hancitor-malspam-traffic,pseudoDarkleech-Rig-EK-sends-Cerber-ransomware,,FlashPack-EK-traffic,,pseudoDarkleech-RIGv-sends-Cerber-ransomware,EITest-HoeflerText-Chrome-popup-traffic-4th-run,pseudoDarkleech-Rig-V-sends-Cerber-ransomware,Brazil-boleto-malspam-traffic,Magnitude-EK-sends-Cerber-first-run
EITest-HoeflerText-popup-sends-Spora-ransomware,Hancitor-malspam-traffic,pseudoDarkleech-Rig-EK-sends-Cerber-ransomware,,FlashPack-EK-traffic,,pseudoDarkleech-RIGv-sends-Cerber-ransomware,EITest-HoeflerText-Chrome-popup-traffic-5-of-6,pseudoDarkleech-Rig-V-sends-Cerber-ransomware,Cerber-from-fake-chrome-page,Magnitude-EK-traffic
EITest-HoeflerText-popup-sends-Spora-ransomware,Hancitor-malspam-traffic,pseudoDarkleech-Rig-EK-sends-Cerber-ransomware,,FlashPack-EK-traffic,,pseudoDarkleech-RIGv-sends-Cerber-ransomware,EITest-HoeflerText-Chrome-popup-traffic-5th-run,pseudoDarkleech-Rig-V-sends-Cerber-ransomware,Cerber-from-fake-chrome-page,malspam-traffic
EITest-HoflerText-popup-sends-Mole-ransomware-1st-run,Hancitor-malspam-traffic,pseudoDarkleech-Rig-EK-sends-Cerber-ransomware-first-run,,FlashPack-EK-with-IE-11-successful-infection,,pseudoDarkleech-RIGv-sends-Cerber-ransomware,EITest-HoeflerText-Chrome-popup-traffic-6th-run,pseudoDarkleech-Rig-V-sends-Cerber-ransomware,chanitor-vawtrak-traffic,Mercury-Text-pop-sends-coinminer
EITest-Neutrino-EK-sends-CrypMIC-after-findautosalvageyards.com,Hancitor-malspam-traffic-example,pseudoDarkleech-Rig-EK-sends-Cerber-ransomware-first-run,,Formbook-infection-traffic,,pseudoDarkleech-Rig-V-sends-Cerber-ransomware,EITest-HoeflerText-Chrome-popup-traffic-8th-run,pseudoDarkleech-Rig-V-sends-Cerber-ransomware,CoinsLTD-campaign-Rig-EK-and-post-infection-traffic,Nebula-EK-1st-run
EITest-Neutrino-EK-sends-CrypMIC-after-nurseryrhymedaycare.ca,Hancitor-malspam-traffic-example,pseudoDarkleech-Rig-EK-sends-Cerber-ransomware-second-run,,Formbook-infection-traffic,,pseudoDarkleech-RIGv-sends-cerber-second-run,EITest-Rig-EK,pseudoDarkleech-Rig-V-sends-Cerber-ransomware,CVE-2017-0199-attempt-from-horsezangd.top,Necurs-botnet-DDE-doc-sends-Locky
EITest-Neutrino-EK-sends-CrypMIC-after-redwood-inc.com,Hancitor-malspam-traffic-example,pseudoDarkleech-Rig-EK-sends-Cerber-ransomware-second-run,,Formbook-infection-traffic,,pseudoDarkleech-RIGv-sends-cerber-third-run,EITest-Rig-EK,pseudoDarkleech-Rig-V-sends-Cerber-ransomware-3rd-run,DHL-Italy-malspam-traffic,Necurs-Botnet-malspam-pushes-Locky-1-of-2
EITest-Neutrino-EK-sends-CryptXXX-after-musicmix.co,hancitor-pony-malspam-traffic,pseudoDarkleech-Rig-EK-sends-Cerber-ransomware-third-run,,GlobeImposter-malspam-traffic,,Remcos-RAT-traffic,EITest-Rig-EK-1st-run,Qakbot-infection-traffic,DotkaChef-EK-traffic,Necurs-Botnet-malspam-pushes-Locky-2-of-2
EITest-Neutrino-EK-sends-CryptXXX-ransomware,Hancitor-style-Amadey-infection-traffic,pseudoDarkleech-Rig-EK-third-run,,Gondad-EK-traffic,,Rig-EK-and-Pitou.B-traffic,EITest-Rig-EK-8th-run,quantum-code-malspam-1st-run,DotkaChef-EK-traffic,Necurs-Botnet-malspam-pushes-Trickbot
EITest-Rig-EK-1st-run,infection-from-malspam-pushing-Gootkit,pseudoDarkleech-RIGv-sends-Cerber-ransomware,,Good-Man-Rig-EK-sends-Godzilla-Loader,,Seamless-campaign-Rig-EK-sends-Ramnit,EITest-Rig-EK-first-example,Rig-EK-sends-Amadey,download,Necurs-Botnet-malspam-traffic-from-1st-wave
EITest-Rig-EK-3rd-run,infection-traffic-from-malspam-pushing-Flawed-Ammyy,pseudoDarkleech-RIGv-sends-Cerber-ransomware,,Goon-EK-exploit-example-hour-before,,traffic-from-1st-sample,EITest-Rig-EK-first-run,Rig-EK-traffic,Dridex-infection-traffic,Neutrino-EK-sends-Gootkit
EITest-Rig-EK-3rd-run,infection-traffic-from-malware-EXE-from-80.85.155.70,pseudoDarkleech-Rig-V-sends-Cerber-ransomware,,Goon-EK-exploit-examples,,Windows-11-themed-malspam-infection-traffic,EITest-Rig-EK-first-run,Rig-EK-traffic,Dridex-infection-traffic,Nuclear-EK-traffic
EITest-Rig-EK-4th-run,Infinity-EK-traffic,pseudoDarkleech-Rig-V-sends-Cerber-ransomware,,Guide-for-Pokemon-Go-app-traffic,,,EITest-Rig-EK-second-example,sandbox-traffic-on-fake-Flash-player,Dridex-malspam-traffic-example,Nuclear-EK-traffic
EITest-Rig-EK-6th-run,Japanese-malspam-pushing-Ursnif,pseudoDarkleech-Rig-V-sends-Cerber-ransomware,,Hancitor-infection-traffic-3rd-run,,,EITest-Rig-EK-second-run,Seamless-campaign-Rig-EK-1st-run,Dridex-traffic-from-infected-VM,password-protected-Word-doc-malspam-pushes-AZORult-and-Hermes-ransomware
EITest-Rig-EK-7th-run,Kovter-malspam-traffic,pseudoDarkleech-Rig-V-sends-Cerber-ransomware,,Hancitor-infection-with-Ursnif,,,EITest-Rig-EK-second-run,Seamless-campaign-Rig-EK-sends-Ramnit,EITest-campaign-Fake-AV-page-traffic,password-protected-Word-doc-pushes-IcedID
EITest-Rig-EK-8th-run,Loki-Bot-malspam-traffic,pseudoDarkleech-Rig-V-sends-Cerber-ransomware-1st-run,,Hancitor-infection-with-Ursnif-and-Cobalt-Strike,,,EITest-Rig-EK-sends-CryptFile2,Styx-EK-traffic,EITest-fake-Chrome-popup-sends-Spora-ransomware-1st-run,password-protected-Word-doc-pushes-Nymaim
EITest-Rig-EK-first-example,Lord-EK-2nd-run-with-payload,pseudoDarkleech-Rig-V-sends-Cerber-ransomware-2nd-run,,Hancitor-infection-with-Zeus-Panda-Banker,,,EITest-Rig-EK-sends-CryptFile2-ransomware,Sweet-Orange-EK-post-infection-traffic,EITest-HoeflerText-Chrome-popup-after-expervision.com,password-protected-Word-doc-pushes-Nymaim
EITest-Rig-EK-first-example,Magnitude-EK-sends-Cerber,quantum-code-malspam-2nd-run,,Hancitor-infection-with-Zeus-Panda-Banker,,,EITest-Rig-EK-sends-CryptFile2-ransomware,Sweet-Orange-EK-traffic,EITest-HoeflerText-Chrome-popup-sends-Spora-ransomware-1st-run,Portuguese-invoice-malspam-traffic
EITest-Rig-EK-first-run,Magnitude-EK-traffic,quantum-code-malspam-3rd-run,,Hancitor-malspam-infection-traffic,,,EITest-Rig-EK-sends-CryptFile2-ransomware,Sweet-Orange-EK-traffic,EITest-HoeflerText-Chrome-popup-sends-Spora-ransomware-2nd-run,pseudoDarkleech-Neutrino-EK-sends-CryptXXX-after-eielectronics.com
EITest-Rig-EK-first-run,Magnitude-EK-traffic,Redaman-infection-traffic,,Hancitor-malspam-traffic,,,EITest-Rig-EK-sends-CryptFile2-ransomware,Sweet-Orange-EK-traffic,EITest-HoeflerText-Chrome-popup-sends-Spora-ransomware-3rd-run,pseudoDarkleech-Neutrino-EK-sends-CryptXXX-after-opencv.org-second-run
EITest-Rig-EK-second-run,Magnitude-EK-traffic,Rig-EK-sends-Kovter-1st-run,,Hancitor-malspam-traffic,,,EITest-Rig-EK-sends-CryptoShield,traffic-from-Brazilian-malspam,EITest-HoeflerText-Chrome-popup-traffic-1-of-6,pseudoDarkleech-Neutrino-EK-sends-CryptXXX-after-sinyimusic.com
EITest-Rig-EK-second-run,Magnitude-EK-traffic-example-1-of-3,Rig-EK-sends-Kovter-2nd-run,,Hancitor-malspam-traffic,,,EITest-Rig-EK-sends-CryptoShield-ransomware-1st-run,Trickbot-sat75-infection-with-powershell-empire-traffic,EITest-HoeflerText-Chrome-popup-traffic-2nd-run,pseudoDarkleech-Neutrino-EK-sends-CryptXXX-ransomware
EITest-Rig-EK-second-run-sends-Chthonic,Magnitude-EK-traffic-example-2-of-3,Rig-EK-sends-Remcos-RAT,,Hancitor-malspam-traffic,,,EITest-Rig-EK-sends-Gootkit,Urnsif-infection-with-Trickbot,EITest-HoeflerText-Chrome-popup-traffic-2-of-6,pseudoDarkleech-Rig-V-sends-Cerber-ransomware
EITest-Rig-EK-sends-Bart-ransomware,Magnitude-EK-traffic-example-3-of-3,Rig-EK-traffic,,Hancitor-malspam-traffic,,,EITest-Rig-EK-sends-Gootkit,Ursnif-infection-with-Pushdo,EITest-HoeflerText-Chrome-popup-traffic-3-of-6,Rig-EK-2nd-run
EITest-Rig-EK-sends-CryptoShield-ransomware,malspam-pushing-Quant-Loader-2nd-run,Seamless-Rig-EK-sends-Ramnit-1st-run,,Hancitor-malspam-traffic-example,,,EITest-Rig-EK-third-run,Ursnif-infection-wth-Dridex-and-PowerShell-Empire,EITest-HoeflerText-Chrome-popup-traffic-5th-run,Rig-EK-4th-run
EITest-Rig-EK-sends-matrix-ransomware-variant,malspam-traffic,Sweet-Orange-EK-sandbox-analysis-of-malware,,Hancitor-Pony-malspam-traffic,,,EITest-Rig-E-traffic,USPS-malspam-5-different-zip-files-show-5-different-file-hashes,EITest-HoeflerText-Chrome-popup-traffic-6-of-6,Rig-EK-itraffic
EITest-Rig-EK-sends-matrix-ransomware-variant,Mangitude-EK-payload-5-of-6-malwr.com-analysis,target-phishing-web-page-traffic,,Hancitor-Pony-malspam-traffic,,,EITest-Rig-standard-sends-CryptFile2-ransomware,USPS-malspam-sends-zipped-js-file-no-post-infection-traffic,EITest-HoeflerText-Chrome-popup-traffic-7th-run,Rig-EK-sends-Zbot
EITest-Rig-EK-sends-Quant-Loader,Mangitude-EK-payload-6-of-6-malwr.com-analysis,,,Hookads-campaign-Rig-EK,,,EITest-Rig-V-sends-CryptoMix-ransomware-1st-run,Zuponcic-EK-traffic-java-6u25,EITest-HoeflerText-popup-pushes-NetSupport-Manager-RAT-traffic,Rig-EK-traffic
EITest-Rig-EK-third-run,NanoCore-RAT-traffic,,,Hookads-Rig-EK-sends-AZORult,,,EITest-script-for-HoeflerText-popup-after-naturalhealthonline.com,,EITest-HoeflerText-popup-traffic,Rig-EK-traffic
EITest-Rig-EK-traffic,Nebula-EK-2nd-run,,,IcedID-infection-with-Trickbot-in-AD-environment,,,EITest-script-for-tech-scam-after-intothebluefishing.com-UK-based-traffic,,EITest-Neutrino-EK-after-classical959.com,Rig-EK-traffic
EITest-Rig-EK-traffic,Necurs-Botnet-malspam-infection-traffic,,,Imminent-Monitor-RAT-infection,,,EITest-second-run-Rig-standard-sends-CryptFile2-ransomware,,EITest-Neutrino-EK-after-musicmix.co,Rig-EK-traffic-2nd-run
EITest-Rig-EK-traffic,Necurs-Botnet-malspam-infection-traffic-1st-run,,,infection-traffic-from-password-protected-Word-doc,,,EITest-tech-support-scam,,EITest-Neutrino-EK-sends-Bandarchor-after-chitralekha.com,Rig-EK-traffic-example-5-of-5
EITest-Rig-E-sends-CHIP-ransomware,Necurs-Botnet-malspam-infection-traffic-2nd-run,,,Infinity-EK-traffic,,,EITest-tech-support-scam-after-one-hour.fr,,EITest-Neutrino-EK-sends-CrypMIC,RoughTed-Rig-EK-sends-Chthonic-1st-run
EITest-Rig-E-sends-Chthonic-banking-Trojan,Neutrino-EK-sends-Teslacrypt-2.0-traffic,,,Jaff-ransomware-malspam-traffic,,,EITest-tech-support-scam-traffic,,EITest-Neutrino-EK-sends-CrypMIC,Spelevo-EK-1st-run
EITest-Rig-E-sends-Chthonic-banking-Trojan-2nd-run,Neutrino-EK-traffic,,,Java-based-RAT-malspam-traffic,,,EK-data-dump,,EITest-Neutrino-EK-sends-CrypMIC-after-callkarl.ca,Spelevo-EK-2nd-run
EITest-Rig-E-sends-Chthonicp-banking-Trojan,Neutrino-EK-traffic,,,java-update-traffic-edited,,,Emotet-epoch-3-infection-with-Trickbot-gtag-mor66,,EITest-Neutrino-EK-sends-CrypMIC-after-carolinagodiva.org,Sundown-EK
EITest-Rig-E-sends-Geodo-Emotet,Nuclear-EK-malware-payload-sandbox-analysis,,,KaiXin-EK-traffic,,,Emotet-epoch-3-with-Trickbot-gtag-mor49-and-spambot-traffic,,EITest-Neutrino-EK-sends-CryptXXX-after-dicodesrimes.com,Sundown-EK-1st-run-sends-Terdot.A-Zloader
EITest-Rig-V-sends-CryptoMix-ransomware,Nuclear-EK-malware-payload-sandbox-analysis-01,,,Kovter-Nemucod-malspam-traffic,,,Emotet-infection-traffic-with-Zeus-Panda-Banker,,EITest-Rig-EK,Sundown-EK-second-run
EITest-Rig-V-sends-CryptoMix-ransomware,Nuclear-EK-malware-payload-sandbox-analysis-02,,,Locky-from-tolopkedoper.info,,,Emotet-infection-with-IcedID-and-AZORult,,EITest-Rig-EK,Sundown-EK-sends-Terdot.A-Zloader
EITest-Rig-V-sends-CryptoMix-ransomware-2nd-run,Nuclear-EK-sends-TeslaCrypt-2.0-traffic,,,Lord-EK-1st-run-no-payload,,,Emotet-infection-with-spambot-traffic-and-Trickbot,,EITest-Rig-EK-2nd-run,Sweet-Orange-EK-traffic
EITest-Rig-V-sends-Spora-ransomware,Nuclear-EK-sends-TeslaCrypt-2.0-traffic,,,Magnitude-EK-malware-payload-sandbox-analysis-2-of-4,,,Emotet-infection-with-Trickbot,,EITest-Rig-EK-5th-run,TDS-based-Rig-V-sends-Terdot.A-or-Zloader
EITest-script-for-tech-scam-after-amormariano.com.br-UK-based-traffic,Nuclear-EK-traffic,,,Magnitude-EK-traffic,,,Emotet-infection-with-Trickbot,,EITest-Rig-EK-6th-run,Terror-EK-traffic
EITest-script-for-tech-scam-after-amormariano.com.br-US-based-traffic-1st-run,Nuclear-EK-traffic,,,malspam-email-infected-VM-traffic,,,Emotet-malspam-infection-traffic-from-link,,EITest-Rig-EK-first-run-sends-CryptFile2-ransomware,traffic-from-3rd-sample
Emotet-epoch-2-infection-with-Trickbot-gtag-mor61,Nuclear-EK-traffic,,,malspam-traffic,,,Emotet-malspam-traffic,,EITest-Rig-EK-second-run,Trickbot-infection-from-usdata.estoreseller.com
Emotet-epoch-3-infection-with-Trickbot-gtag-mor45,Nuclear-EK-traffic,,,Necurs-Botnet-malspam-pushes-GlobeImposter,,,Emotet-with-IcedID-and-Trickbot,,EITest-Rig-EK-sends-Bart-ransomware,Trickbot-infection-traffic-single-host
Emotet-infection-traffic-with-Zeus-Panda-Banker,Nuclear-EK-traffic,,,Necurs-Botnet-malspam-pushes-GlobeImposter-ransomware,,,fake-Flash-installer-download,,EITest-Rig-EK-sends-chthonic,Trickbot-malspam-infection-traffic
Emotet-infection-with-Qakbot,Nuclear-EK-traffic,,,Necurs-Botnet-malspam-pushes-GlobeImposter-traffic,,,fake-Flash-installer-traffic,,EITest-Rig-EK-sends-CryptoShield-ransomware,Trickbot-malspam-infection-traffic
Emotet-infection-with-Trickbot,Nuclear-EK-traffic,,,Necurs-Botnet-malspam-pushes-GlobeImposter-traffic,,,fake-Flash-player-installs-coinminer-malware,,EITest-Rig-EK-sends-CryptoShield-ransomware,Trickbot-malspam-infection-traffic
Emotet-infection-with-Trickbot,Nuclear-EK-traffic,,,Necurs-Botnet-malspam-pushes-Trickbot,,,fake-Microsoft-update-traffic,,EITest-Rig-EK-sends-CryptoShield-ransomware,Trickbot-malspam-infection-traffic
Emotet-malspam-infection-traffic,Nuclear-EK-traffic,,,Necurs-Botnet-malspam-traffic-2nd-run,,,fake-Netflix-login-page-traffic-1st-run,,EITest-Rig-EK-sends-CryptoShield-ransomware-2nd-run,Trickbot-malspam-infection-traffic
Emotet-malspam-infection-traffic,Nuclear-EK-traffic,,,Neutrino-EK-sends-CryptoWall-3.0-traffic,,,fake-Netflix-login-page-traffic-2nd-run,,EITest-Rig-EK-sends-CryptoShield-ransomware-3rd-run,Ursnif-and-Vidar-with-Trickbot
Emotet-with-Trickbot-infection-traffic,one-week-of-a-Trickbot-infection,,,Neutrino-EK-traffic,,,fake-Word-online-page-at-mattsfotoalbum.de-no-post-infection-traffic,,EITest-Rig-EK-sends-Dreambot,Ursnif-infection-with-Trickbot
fake-AV-page-after-viewing-metafor.fr,password-protected-Word-doc-pushes-Dridex,,,Neutrino-EK-traffic,,,Fiesta-EK-malware-payload-run-on-physical-host,,EITest-Rig-EK-sends-Dreambot,Ursnif-traffic-from-Japanese-malspam
fake-AV-tech-support-scam-popup,phishing-malware-01-sandbox-analysis,,,Neutrino-EK-traffic-first-run,,,Fiesta-EK-traffic,,EITest-Rig-EK-sends-Mole-ransomware-after-naturalhealthonline.com,USPS-malspam-traffic-2-of-2-Panda-Banker-only
fake-Flash-updater-traffic,phishing-malware-01-sandbox-analysis,,,Neutrino-EK-traffic-second-run,,,Fiesta-EK-traffic,,EITest-Rig-EK-sends-Revenge-ransomware,WhatsApp-malspam-2nd-run
fake-Flash-updater-traffic,phishing-malware-run-in-a-VM,,,Nuclear-EK-from-my-infected-VM,,,Fiesta-EK-traffic,,EITest-Rig-EK-sends-Ursnif-after-889yoga.com,
Fake-flash-updater-traffic,phishing-malware-run-in-a-VM,,,Nuclear-EK-from-Windigo-group-traffic,,,Fiesta-EK-traffic,,EITest-Rig-EK-sends-Vawtrak,
fake-font-update-for-chrome,phishing-malware-run-on-a-VM,,,Nuclear-EK-sends-CryptoWall-3.0-traffic,,,Fiesta-EK-traffic,,EITest-Rig-EK-traffic,
fake-font-update-for-firefox,phishing-malware-traffic,,,Nuclear-EK-traffic,,,Fiesta-EK-traffic,,EITest-Rig-E-sends-Chthonic-banking-Trojan-1st-run,
fake-NF-e-malspam-traffic,phishing-malware-traffic-in-a-VM,,,Nuclear-EK-traffic,,,Fiesta-EK-traffic,,EITest-Rig-E-sends-Zeprox.B,
fake-updater-infection-traffic,post-infection-traffic-from-Terror-EK-payload,,,Nuclear-EK-traffic,,,Fiesta-EK-traffic,,EITest-Rig-V-sends-CryptoMix-ransomware,
Fallout-EK-from-HookAds-campaign,pseudoDarkleech-Rig-V-sends-Cerber-ransomware,,,Nuclear-EK-traffic,,,Fiesta-EK-traffic-03,,EITest-Rig-V-sends-CryptoMix-ransomware,
Fiesta-EK-traffic,pseudoDarkleech-Rig-V-sends-Cerber-ransomware,,,Nuclear-EK-traffic,,,FlashPack-EK-traffic,,EITest-Rig-V-sends-CryptoMix-ransomware,
Fiesta-EK-traffic,pseudoDarkleech-Rig-V-sends-Cerber-ransomware,,,Nuclear-EK-traffic,,,FlashPack-EK-traffic,,EITest-script-for-tech-scam-after-activaclinics.com-UK-based-traffic,
Fiesta-EK-traffic,pseudoDarkleech-Rig-V-sends-Cerber-ransomware,,,Nuclear-EK-traffic,,,FlashPack-EK-traffic,,EITest-script-for-tech-scam-after-activaclinics.com-US-based-traffic,
Fiesta-EK-traffic,psuedoDarkleech-Rig-V-sends-Cerber-ransomware,,,Nuclear-EK-traffic,,,FlashPack-EK-traffic-second-run,,EITest-script-for-tech-scam-after-amormariano.com.br-US-based-traffic-2nd-run,
Fiesta-EK-traffic,ransomware-malspam-infection-traffic,,,Nuclear-EK-traffic,,,GlobeImposter-malspam-traffic,,EITest-script-for-tech-scam-after-intothebluefishing.com-US-based-traffic,
Fiesta-EK-traffic,Rig-EK-failed-infection-with-java,,,Nuclear-EK-traffic,,,Gondad-EK-infection-traffic,,EITest-script-for-tech-scam-after-naturalhealthonline.com-US-based-traffic,
Fiesta-EK-traffic,Rig-EK-payload-post-infection-traffic,,,Nuclear-EK-traffic,,,Gondad-EK-traffic,,EITest-tech-support-scam-after-backupcare.org,
Fiesta-EK-traffic,Rig-EK-sends-Bunitu,,,Nuclear-EK-traffic,,,Hancitor-infection-traffic-1st-run,,EITest-tech-support-scam-after-canadoodles.com,
Fiesta-EK-traffic,Rig-EK-sends-Graybird-first-run,,,Nuclear-EK-traffic,,,Hancitor-malspam-infection-traffic,,Emotet-epoch-2-with-Trickbot-mor70,
Fiesta-EK-traffic,Rig-EK-sends-Graybird-second-run,,,other-Neutrino-EK-sends-Bandarchor-second-run,,,Hancitor-malspam-traffic,,Emotet-infection-traffic-with-Zeus-Panda-Banker,
Fiesta-EK-traffic,Rig-EK-traffic,,,parking-service-malspam-traffic-2nd-run,,,Hancitor-malspam-traffic,,Emotet-infection-with-Trickbot-from-UK-location,
Fiesta-EK-traffic,Rig-EK-traffic,,,phishing-email-dropped-malware-executed-on-live-host,,,Hancitor-malspam-traffic,,Emotet-infection-with-Trickbot-gtag-mor30,
Fiesta-EK-traffic,Rig-EK-traffic,,,phishing-email-malware-sandbox-analysis,,,Hancitor-malspam-traffic,,Emotet-infection-with-Zeus-Panda-Banker,
Fiesta-EK-traffic,Rig-EK-traffic,,,phishing-malware-analysis-from-malwr.com,,,Hancitor-malspam-traffic,,Emotet-infection-wth-Trickbot-gtag-mor28,
Fiesta-EK-traffic-on-VM,Rig-EK-traffic,,,phishing-malware-sandbox-analysis,,,Hancitor-malspam-traffic,,Emotet-malspam-infection-traffic,
FlashPack-EK-traffic,Rig-EK-traffic,,,phishing-malware-traffic,,,Hancitor-malspam-traffic,,Emotet-malspam-traffic,
FlashPack-EK-traffic-first-run,Rig-EK-traffic,,,phishing-malware-vm-infection,,,Hancitor-malspam-traffic,,Emotet-plus-Trickbot-infection-traffic,
FlashPack-EK-uses-CVE-2013-2551-first-run,Seamless-campaign-Rig-EK-2nd-run,,,Pony-Vawtrak-malspam-campaign-traffic,,,Hancitor-malspam-traffic,,Emotet-with-IcedID-and-Trickbot,
FlashPack-EK-uses-CVE-2013-2551-second-run,Smoke-Loader-post-infection-traffic,,,post-infection-traffic-from-Spelevo-EK-payload-Qakbot,,,Hancitor-malspam-traffic,,Emotet-with-Trickbot-del165-traffic,
Formbook-malspam-infection-traffic,Spelevo-EK-3rd-run,,,pseudoDarkleech-Rig-EK-first-example,,,Hancitor-malspam-traffic,,Emotet-with-Trickbot-sok2-traffic,
g01pack-EK-traffic,Sweet-Orange-EK-traffic,,,pseudoDarkleech-Rig-V-2nd-run-sends-Cerber-ransomware,,,HookAds-campaign-Rig-EK-sends-SmokeLoader,,Emotet-with-Trickbot-sok2-traffic,
Gandcrab-infection-from-JS-from-malspam,traffic-from-Ursnif-infection-with-Trickbot-gtag-lleo8,,,pseudoDarkleech-RIGv-sends-ddos-botnet-malware,,,infection-traffic-from-Hancitor-malspam,,fake-Adobe-Flash-player-site,
GlobeImposter-from-mopooland.top,TT-copy-malspam-traffic,,,Qakbot-infection-traffic,,,infection-traffic-from-password-protected-Word-doc,,fake-AV-page-after-viewing-breathtest.com.au,
GlobeImposter-malspam-traffic-example,Upatre-Dyre-infection,,,Rig-EK-and-Upatre-traffic,,,Jaff-ransomware-malspam-traffic,,fake-AV-page-after-viewing-sunrisegolf.club,
GlobeImposter-ransomware-variant-from-newfornz.top,Upatre-malspam-infection-traffic,,,Rig-EK-infection-traffic-2nd-run,,,Locky-from-easyuopled.info,,fake-Flash-updater-example-01,
GoDaddy-phish-traffic,Ursnif-infection-traffic-with-Dridex,,,Rig-EK-malware-payload-sandbox-analysis,,,Locky-from-indiawolfk.info,,fake-Flash-updater-traffic,
Good-man-campaign-Rig-EK-sends-Latentbot,Ursnif-infection-with-Dridex,,,Rig-EK-malware-payload-sandbox-analysis,,,Locky-malspam-traffic-example,,fake-Flash-updater-traffic,
Grandsoft-EK-sends-Zeus-Panda-Banker,Ursnif-infection-with-IcedID-then-Trickbot-gtag-tin188,,,Rig-EK-second-run,,,Magnitude-EK-traffic,,fake-HoeflerText-font-pushes-NetSupport-Manager-RAT,
Gryphon-ransomware-from-scenetavern.win,Ursnif-malspam-traffic,,,Rig-EK-traffic,,,Magnitude-EK-traffic,,Fiesta-EK-infection-after-forum.thegradcafe.com,
Hancitor-infection-with-Zeus-Panda-Banker,USPS-malspam-js-file-post-infection-traffic,,,Rig-EK-traffic,,,Magnitude-EK-traffic,,Fiesta-EK-infection-after-forums.pinstack.com,
Hancitor-malspam-traffic,USPS-malspam-traffic-1-of-2,,,Rig-EK-traffic,,,malspam-infection-traffic,,Fiesta-EK-infection-after-hacknmod.com,
Hancitor-malspam-traffic,USPS-malspam-traffic-2nd-run,,,Rig-EK-traffic,,,malspam-pushing-smoke-loader-and-other-malware,,Fiesta-EK-infection-after-visajourney.com,
Hancitor-malspam-traffic,XMRig-coinminer-from-ad-traffic,,,Rig-EK-traffic-2-of-3,,,malspam-traffic,,Fiesta-EK-infection-traffic,
Hancitor-malspam-traffic,Zero-Gand-malspam-infection-traffic,,,Rig-EK-traffic-using-IE10,,,malspam-traffic,,Fiesta-EK-traffic,
Hancitor-malspam-traffic,ZeusPandaBanker-malspam-traffic,,,Smoke-Loader-traffic,,,malwr.com-analysis-of-image001N.exe,,Fiesta-EK-traffic,
Hancitor-malspam-traffic,,,,Sweet-Orange-EK-traffic,,,malwr.com-analysis-of-the-upatre-downloader,,Fiesta-EK-traffic,
Hancitor-malspam-traffic,,,,Sweet-Orange-EK-traffic,,,Necurs-Botnet-malspam-traffic,,Fiesta-EK-traffic,
Hancitor-malspam-traffic,,,,tech-support-scam-traffic,,,Necurs-Botnet-malspam-traffic,,Fiesta-EK-traffic,
Hancitor-malspam-traffic,,,,third-run-EITest-Rig-EK-sends-Kronos,,,Necurs-Botnet-malspam-traffic-1st-run,,Fiesta-EK-traffic,
Hancitor-malspam-traffic,,,,traffic-for-document_09182014.zip,,,Neutrino-EK-traffic,,Fiesta-EK-traffic,
Hancitor-malspam-traffic,,,,Trickbot-infection-traffic,,,Neutrino-EK-traffic,,Fiesta-EK-traffic,
Hancitor-malspam-traffic,,,,Trickbot-infection-with-CookiesDll-module,,,Neutrino-EK-traffic,,Fiesta-EK-traffic,
Hancitor-malspam-traffic,,,,Trickbot-malspam-infection-traffic,,,Neutrino-EK-traffic-first-run,,Fiesta-EK-traffic-on-physical-host,
Hancitor-malspam-traffic,,,,Upatre-Dyre-infection-traffic,,,Neutrino-EK-traffic-second-run,,Fiesta-EK-with-post-infection-traffic,
Hancitor-malspam-traffic,,,,UPS-malspam-traffic-part-2-post-infection-activity,,,Ngay-campaign-Rig-EK-2nd-run-with-post-infection-traffic,,FlashPack-EK-traffic,
Hancitor-Pony-Vawtrak-malspam-traffic,,,,Ursnif-infection-with-Dridex,,,Nuclear-EK,,FlashPack-EK-traffic,
HookAds-Rig-EK-sends-Vidar,,,,Ursnif-infection-with-IcedID,,,Nuclear-EK-delivers-ransomware,,FlashPack-EK-traffic,
income-report-malspam-traffic,,,,Ursnif-infection-with-IcedID-and-Valak,,,Nuclear-EK-traffic,,FlashPack-EK-traffic,
Infinity-EK-traffic,,,,Ursnif-infection-with-IcedID-banking-Trojan,,,Nuclear-EK-traffic,,FlashPack-EK-with-IE-10-failed-attempt,
Japanese-malspam-pushing-Ursnif-traffic,,,,USPS-malspam-sends-exe-file-with-post-infection-traffic,,,Nuclear-EK-traffic,,Fobos-campaign-Rig-EK-sends-Bunitu,
KaiXin-EK-traffic,,,,what-seems-like-Rig-EK-2nd-run,,,Nuclear-EK-traffic,,Gandcrab-ransomware-infection-traffic,
Locky-malspam-traffic,,,,Whitehole-EK-traffic,,,Nuclear-EK-traffic,,GlobeImposter-malspam-traffic,
Locky-malspam-traffic-1-of-2,,,,,,,parking-service-malspam-traffic-1st-run,,Goon-EK-traffic,
Locky-malspam-traffic-example,,,,,,,payment-slip-malspam-traffic,,Hancitor-infection-traffic-2nd-run,
Locky-malspam-traffic-example,,,,,,,phishing-email-post-infection-traffic,,Hancitor-malspam-infection-traffic,
Loki-bot-malspam-traffic,,,,,,,phishing-email-traffic,,Hancitor-malspam-infection-traffic,
Loki-bot-malspam-traffic,,,,,,,phishing-malware-analysis-from-malwr,,Hancitor-malspam-infection-traffic,
Magnitude-EK-infection-traffic,,,,,,,phishing-malware-analysis-from-malwr.com,,Hancitor-malspam-traffic,
Magnitude-EK-sends-Cerber,,,,,,,phishing-malware-infection-traffic,,hancitor-malspam-traffic,
Magnitude-EK-sends-Cerber-ransomware,,,,,,,phishing-malware-run-on-VM,,Hancitor-malspam-traffic,
Magnitude-EK-sends-Cerber-second-run,,,,,,,phishing-malware-sandbox-traffic,,Hancitor-malspam-traffic,
Magnitude-EK-traffic,,,,,,,pseudoDarkleech-Rig-EK-first-example,,Hancitor-malspam-traffic,
Magnitude-EK-traffic,,,,,,,pseudoDarkleech-Rig-EK-second-example,,Hancitor-malspam-traffic,
Magnitude-EK-traffic-first-run,,,,,,,pseudoDarkleech-Rig-EK-second-example,,Hancitor-malspam-traffic,
malspam-traffic,,,,,,,pseudoDarkleech-Rig-EK-sends-CrypMIC,,Hancitor-malspam-traffic,
malspam-traffic,,,,,,,pseudoDarkleech-Rig-EK-sends-CrypMIC-first-run,,Hancitor-malspam-traffic,
Nebula-EK-3rd-run,,,,,,,pseudoDarkleech-Rig-EK-sends-CrypMIC-second-run,,Hancitor-malspam-traffic,
Necurs-botnet-malspam-pushes-Locky,,,,,,,pseudoDarkleech-Rig-EK-third-example,,Hancitor-malspam-traffic,
Necurs-Botnet-malspam-pushes-Scarab-ransomware,,,,,,,pseudoDarkleech-Rig-V-1st-run-sends-Cerber-ransomware,,Hancitor-malspam-traffic-example,
Necurs-Botnet-malspam-pushing-Locky,,,,,,,Rig-EK-infection-traffic-1st-run,,Hancitor-malspam-traffic-example,
Necurs-Botnet-malspam-pushing-Locky,,,,,,,Rig-EK-sends-AZORult,,HookAds-Rig-EK-sends-Chthonic,
Necurs-Botnet-malspam-traffic-from-2nd-wave,,,,,,,Rig-EK-sends-Bunitu,,IcedID-infection-with-Trickbot,
Netflix-phish-traffic,,,,,,,Rig-EK-sends-Graybird-third-run,,IcedID-infection-with-Trickbot,
Neutrino-EK-traffic,,,,,,,Rig-EK-traffic,,IcedID-infection-with-Trickbot-gtag-tin233,
Ngay-campaign-Rig-EK-traffic,,,,,,,Rig-EK-traffic,,ivoice_45852.scr-sandbox-analysis,
Nuclear-EK-and-vawtrak-traffic,,,,,,,Rig-EK-traffic,,Jaff-ransomware-malspam-traffic,
Nuclear-EK-from-threatglass-stripped-down-traffic,,,,,,,Rig-EK-traffic,,Jaff-ransomware-malspam-traffic,
Nuclear-EK-traffic,,,,,,,Rig-EK-traffic,,Jaff-ransomware-malspam-traffic,
Nuclear-EK-traffic,,,,,,,Rig-EK-traffic,,Jaff-ransomware-malspam-traffic,
Nuclear-EK-traffic,,,,,,,Rig-EK-traffic,,jaff-ransomware-traffic,
Nuclear-EK-traffic,,,,,,,Rig-EK-traffic,,Japanese-malspam-traffic,
Nuclear-EK-traffic,,,,,,,Rig-EK-traffic-1-of-3,,KaiXin-EK-1st-run,
Nuclear-EK-traffic,,,,,,,Rig-EK-traffic-3-of-3,,Locky-malspam-traffic,
Nuclear-EK-traffic,,,,,,,Rig-EK-traffic-example-2-of-5,,Locky-malspam-traffic,
Nuclear-EK-traffic,,,,,,,Rig-EK-traffic-example-3-of-5,,Locky-malspam-traffic-2-of-2,
Null-Hole-EK-traffic,,,,,,,Rig-EK-traffic-example-4-of-5,,Locky-malspam-traffic-example,
other-Neutrino-EK-sends-Bandarchor-first-run,,,,,,,running-the-malware-in-a-VM,,Lokibot-infection-all-traffic,
other-Neutrino-EK-sends-gootkit,,,,,,,Seamless-Rig-EK-sends-GandCrab-ransomware,,Loki-bot-malspam-traffic,
other-Neutrino-EK-sends-Gootkit,,,,,,,second-run-EITest-Rig-EK-sends-Zeprox,,Magnitude-EK-traffic,
password-protected-Word-doc-pushes-Nymaim,,,,,,,shade-malspam-infection,,Magnitude-EK-traffic,
phishing-malware-VM-infection,,,,,,,Spelevo-EK,,Magnitude-EK-traffic-second-run,
Portuguese-malspam-traffic,,,,,,,Spelevo-EK-sends-malware,,malspam-campaign-traffic,
pseudoDarkleech-Neutrino-EK-after-lawrenceparkah.com,,,,,,,Styx-EK-traffic,,malspam-pushes-Nymaim,
pseudoDarkleech-Neutrino-EK-after-thewinegroup.com-first-run,,,,,,,Sweet-Orange-EK-first-run,,malspam-pushing-Nymain-1-of-2,
pseudoDarkleech-Neutrino-EK-after-thewinegroup.com-second-run,,,,,,,Sweet-Orange-EK-traffic,,malspam-pushing-Nymain-2-of-2,
pseudoDarkleech-Neutrino-EK-sends-CrypMIC,,,,,,,Sweet-Orange-EK-traffic,,malspam-pushing-RemcosRAT,
pseudoDarkleech-Neutrino-EK-sends-CrypMIC,,,,,,,Sweet-Orange-EK-traffic,,malspam-pushing-Zeus-Panda-Banker-traffic,
pseudoDarkleech-Neutrino-EK-sends-CrypMIC,,,,,,,Sweet-Orange-EK-traffic,,malspam-traffic,
pseudoDarkleech-Neutrino-EK-sends-CrypMIC-after-agreen.com.tr,,,,,,,Terror-EK-sends-Andromeda-1st-run,,malspam-traffic,
pseudoDarkleech-Neutrino-EK-sends-CrypMIC-first-run,,,,,,,Terror-EK-sends-Andromeda-2nd-run,,malspam-traffic,
pseudoDarkleech-Neutrino-EK-sends-CrypMIC-ransomware,,,,,,,TeslaCrypt-malspam-traffic,,Nebula-EK-4th-run,
pseudoDarkleech-Neutrino-EK-sends-CrypMIC-ransomware,,,,,,,traffic-caused-by-malspam-attachment-2nd-run-AD-environment,,Nebula-EK-5th-run,
pseudoDarkleech-Neutrino-EK-sends-CryptXXX,,,,,,,traffic-for-Document81264_pdf.zip,,Necurs-botnet-malspam-pushes-Locky,
pseudoDarkleech-Neutrino-EK-sends-CryptXXX-after-depressivedisorder.xyz,,,,,,,traffic-from-malspam-pushing-Dreambot,,Necurs-Botnet-malspam-pushes-Trickbot,
pseudoDarkleech-Neutrino-EK-sends-CryptXXX-after-opencv.org-first-run,,,,,,,Trickbot-infection-from-carriereiter.com,,Necurs-Botnet-malspam-pushes-Trickbot,
pseudoDarkleech-Neutrino-EK-sends-CryptXXX-after-toronto-annex.com,,,,,,,Trickbot-infection-in-AD-environment-no-lateral-movement,,Necurs-Botnet-pushing-Flawed-Ammyy-traffic,
pseudoDarkleech-Rig-EK-sends-Cerber-5th-run,,,,,,,Trickbot-infection-traffic-ser1207,,Neutrino-EK-sends-pizzacrypts,
pseudoDarkleech-Rig-EK-sends-Cerber-6th-run,,,,,,,Trickbot-malspam-infection-traffic,,Neutrino-EK-traffic,
pseudoDarkleech-Rig-EK-sends-Cerber-7th-run,,,,,,,UPS-malspam-traffic,,Neutrino-EK-traffic,
pseudoDarkleech-Rig-EK-sends-Cerber-8th-run,,,,,,,Ursnif-and-Preditor-Stealer-infection-with-Trickbot,,Neutrino-EK-traffic,
pseudoDarkleech-Rig-EK-sends-CrypMIC-ransomware,,,,,,,Ursnif-infection,,Neutrino-EK-traffic,
pseudoDarkleech-Rig-V-sends-Cerber-ransomware,,,,,,,Ursnif-infection-from-Italian-malspam,,Ngay-campaign-Rig-EK-1st-run-Rig-EK-only,
Rig-EK-1st-run,,,,,,,Ursnif-infection-with-Dridex-and-proxy-activity,,Nuclear-EK-sends-TeslaCrypt-2.0-traffic,
Rig-EK-3rd-run,,,,,,,Ursnif-infection-with-Nymaim,,Nuclear-EK-traffic,
Rig-EK-first-run,,,,,,,Ursnif-infection-with-Trickbot-gtag-leo20,,Nuclear-EK-traffic,
Rig-EK-sends-Gandcrab-ransomware,,,,,,,Ursnif-traffic-from-Japanese-malspam,,Nuclear-EK-traffic,
Rig-EK-sends-Monero-coinminer,,,,,,,Vawtrak-infection-traffic,,Nuclear-EK-traffic,
Rig-EK-successful-infection,,,,,,,Windigo-Group-Nuclear-EK-traffic-example-01,,Nuclear-EK-traffic,
Rig-EK-traffic,,,,,,,Windigo-Group-Nuclear-EK-traffic-example-02,,Nuclear-EK-traffic,
Rig-EK-traffic,,,,,,,Windigo-Group-Nuclear-EK-traffic-example-03,,Nuclear-EK-traffic,
Rig-EK-traffic,,,,,,,,,Nuclear-EK-traffic,
Sigma-ransomware-infection-traffic-from-malspam-attachment,,,,,,,,,order_43114.scr-sandbox-analysis,
Sigma-ransomware-malspam-infection-traffic,,,,,,,,,other-Neutrino-EK-sends-Bandarchor-first-run,
SocGholish-campaign-fake-Chrome-update-pushes-NetSupport-RAT,,,,,,,,,other-Neutrino-EK-sends-Bandarchor-ransomware,
Spelevo-EK-sends-PsiXBot,,,,,,,,,other-Neutrino-EK-sends-Bandarchor-ransomware,
Styx-EK-traffic,,,,,,,,,other-Neutrino-EK-sends-Bandarchor-ransomware,
Sundown-EK,,,,,,,,,other-Neutrino-EK-sends-Bandarchor-second-run,
Sundown-EK-2nd-run-failed-payload,,,,,,,,,password-protected-Word-doc-pushes-Dridex,
Sundown-EK-first-run,,,,,,,,,payment-malspam-traffic,
Sundown-EK-traffic,,,,,,,,,phishing-malware-02-sandbox-analysis,
Sweet-Orange-EK-traffic,,,,,,,,,phishing-malware-run-on-VM,
Sweet-Orange-EK-traffic,,,,,,,,,post-infection,
Sweet-Orange-EK-traffic,,,,,,,,,post-infection-traffic,
Sweet-Orange-EK-traffic,,,,,,,,,pseudoDarkleech-Neutrino-EK-after-drupatis.com,
Sweet-Orange-EK-traffic,,,,,,,,,pseudoDarkleech-Neutrino-EK-after-gennaroespositomilano.it,
Sweet-Orange-EK-traffic,,,,,,,,,pseudoDarkleech-Neutrino-EK-after-scrubcaptain.ca,
Sweet-Orange-EK-traffic,,,,,,,,,pseudoDarkleech-Neutrino-EK-after-stleslieville.com,
Terror-EK-traffic,,,,,,,,,pseudoDarkleech-Neutrino-EK-after-toronto-annex.com,
traffic-analysis-pop-quiz,,,,,,,,,pseudoDarkleech-Neutrino-EK-sends-CrypMIC,
traffic-caused-by-malspam-attachment-1st-run-home-Windows-computer,,,,,,,,,pseudoDarkleech-Neutrino-EK-sends-CrypMIC,
traffic-from-Portuguese-malspam,,,,,,,,,pseudoDarkleech-Neutrino-EK-sends-CrypMIC,
traffic-from-Portuguese-malspam-attachment,,,,,,,,,pseudoDarkleech-Neutrino-EK-sends-CrypMIC-1-of-2,
Trickbot-goes-from-client-to-domain-controller,,,,,,,,,pseudoDarkleech-Neutrino-EK-sends-CrypMIC-2-of-2,
Trickbot-gtag-ono19-infection-traffic,,,,,,,,,pseudoDarkleech-Neutrino-EK-sends-CrypMIC-after-orthopet.net-first-run,
Trickbot-infection-traffic,,,,,,,,,pseudoDarkleech-Neutrino-EK-sends-CrypMIC-after-orthopet.net-second-run,
Trickbot-infection-traffic,,,,,,,,,pseudoDarkleech-Neutrino-EK-sends-CrypMIC-after-orthopet.net-third-run,
Trickbot-infection-traffic-AD-environment,,,,,,,,,pseudoDarkleech-Neutrino-EK-sends-CrypMIC-ransomware,
Trickbot-malspam-traffic,,,,,,,,,pseudoDarkleech-Neutrino-EK-sends-CrypMIC-ransomware,
Trickbot-ser1022-infection-traffic,,,,,,,,,pseudoDarkleech-Neutrino-EK-sends-CrypMIC-ransomware,
Trickbot-spreads-from-client-to-DC,,,,,,,,,pseudoDarkleech-Neutrino-EK-sends-CrypMIC-ransomware,
Trickbot-spreads-from-client-to-DC-ser1025us,,,,,,,,,pseudoDarkleech-Neutrino-EK-sends-CrypMIC-second-run,
unknown-exploit-kit-traffic,,,,,,,,,pseudoDarkleech-Neutrino-EK-sends-CryptXXX,
UPS-malspam-traffic-part-1-retreiving-Word-doc,,,,,,,,,pseudoDarkleech-Neutrino-EK-sends-CryptXXX-after-thewinegroup.com,
UPS-themed-Kovter-malspam-traffic,,,,,,,,,pseudoDarkleech-Neutrino-EK-sends-CryptXXX-ransomware,
Ursnif-example-1-infection-traffic,,,,,,,,,pseudoDarkleech-Neutrino-EK-sends-CryptXXX-ransomware,
Ursnif-infection-with-AZORult,,,,,,,,,pseudoDarkleech-Rig-EK-first-example,
Ursnif-malspam-infection-traffic,,,,,,,,,pseudoDarkleech-Rig-EK-second-example,
USPS-malspam-zipped-js-from-answer-photo.com,,,,,,,,,pseudoDarkleech-Rig-EK-sends-CrypMIC-ransomware,
WhatsApp-malspam-1st-run,,,,,,,,,pseudoDarkleech-Rig-EK-sends-CrypMIC-ransomware,
what-seems-like-Rig-EK-1st-run,,,,,,,,,pseudoDarkleech-Rig-EK-sends-CrypMIC-ransomware,
Windigo-group-Nuclear-EK-traffic,,,,,,,,,Rig-EK-5th-run,
,,,,,,,,,Rig-EK-sends-a-payload-I-cannot-identify,
,,,,,,,,,Rig-EK-sends-CryptoBit,
,,,,,,,,,Rig-EK-sends-DarkRAT,
,,,,,,,,,Rig-EK-sends-Smoke-Loader-and-Monero-coin-miner,
,,,,,,,,,Rig-EK-sends-Smoke-Loader-sends-Monero-coinminer,
,,,,,,,,,Rig-EK-traffic,
,,,,,,,,,Rig-EK-traffic,
,,,,,,,,,Rig-EK-traffic,
,,,,,,,,,Rig-EK-traffic,
,,,,,,,,,Rig-EK-traffic-example-1-of-5,
,,,,,,,,,RoughTed-Rig-EK-sends-Chthonic-2nd-run,
,,,,,,,,,sandbox-analysis-of-Angler-EK-malware-payload,
,,,,,,,,,Seamless-campaign-Rig-EK-sends-Ramnit,
,,,,,,,,,Seamless-Rig-EK-sends-GandCrab-ransomware,
,,,,,,,,,Seamless-Rig-EK-sends-GandCrab-ransomware,
,,,,,,,,,Seamless-Rig-EK-sends-Ramnit-2nd-run,
,,,,,,,,,Shade-ransomware-infection-traffic,
,,,,,,,,,Sibhost-EK-traffic,
,,,,,,,,,Styx-EK-traffic,
,,,,,,,,,Sundown-EK-sends-Locky-ransomware,
,,,,,,,,,Sweet-Orange-EK-second-run,
,,,,,,,,,Sweet-Orange-EK-traffic,
,,,,,,,,,Sweet-Orange-EK-traffic,
,,,,,,,,,Sweet-Orange-EK-traffic,
,,,,,,,,,Sweet-Orange-EK-traffic,
,,,,,,,,,Sweet-Orange-EK-traffic,
,,,,,,,,,Terror-EK-example,
,,,,,,,,,Trickbot-gtag-jim332-infection-traffic,
,,,,,,,,,Trickbot-infection-from-carriereiserphotography.com,
,,,,,,,,,Trickbot-infection-from-carriereiter.com.exe,
,,,,,,,,,Trickbot-infection-moves-from-client-to-DC,
,,,,,,,,,Trickbot-infection-traffic,
,,,,,,,,,Trickbot-infection-traffic-in-AD-environment,
,,,,,,,,,Trickbot-malspam-infection-traffic,
,,,,,,,,,Trickbot-malspam-traffic,
,,,,,,,,,Trickbot-moves-from-client-to-DC,
,,,,,,,,,unidentified-campaign-Rig-EK-sends-DELoader,
,,,,,,,,,Upatre-Dyre-malspam-infecting-a-VM,
,,,,,,,,,upatre-dyre-malspam-traffic,
,,,,,,,,,UPS-themed-Kovter-malspam-traffic,
,,,,,,,,,Ursnif-doc-sends-Vidar,
,,,,,,,,,Ursnif-infection-with-Dridex,
,,,,,,,,,Ursnif-infection-with-IcedID-and-Trickbot,
,,,,,,,,,Ursnif-with-Trickbot-and-IcedID,
,,,,,,,,,USPS-malspam-traffic-1st-run,
,,,,,,,,,whatsapp-malspam-traffic,
,,,,,,,,,WSHRAT-infection-traffic,
,,,,,,,,,Zemot-traffic,
,,,,,,,,,ZeusPandaBanker-malspam-traffic,
,,,,,,,,,Zuponcic-EK-traffic-java-7u13,
